id,first_name,last_name,email,gender,ip_address
1,Rowen,Verna,rverna0@indiegogo.com,Male,255.19.7.233
2,Benetta,Whytock,bwhytock1@rambler.ru,Female,46.159.131.122
3,Zena,Knyvett,zknyvett2@paginegialle.it,Female,150.221.190.31
4,Delcina,Firmin,dfirmin3@g.co,Female,114.178.120.55
5,Myrtie,Bynert,mbynert4@house.gov,Female,113.96.207.182
6,Lewes,Moden,lmoden5@facebook.com,Male,231.213.48.201
7,Kamilah,Toffaloni,ktoffaloni6@nymag.com,Female,60.96.194.88
8,Thekla,Stringfellow,tstringfellow7@google.es,Female,211.71.155.214
9,Jacquie,McCorrie,jmccorrie8@wikispaces.com,Female,252.30.135.135
10,Ellswerth,Dominici,edominici9@economist.com,Bigender,185.106.106.172
11,Gabriellia,Vayro,gvayroa@ebay.com,Female,59.84.254.166
12,Ninnette,Poyle,npoyleb@edublogs.org,Female,237.25.22.104
13,Nonna,Tort,ntortc@weibo.com,Female,34.25.17.204
14,Brandais,Goard,bgoardd@europa.eu,Female,163.86.123.4
15,Amalia,Saiger,asaigere@simplemachines.org,Female,97.123.13.67
16,Brigg,Surguine,bsurguinef@discovery.com,Male,124.132.76.26
17,Katee,Grigaut,kgrigautg@moonfruit.com,Female,2.46.160.251
18,Cassie,Prettyman,cprettymanh@marriott.com,Male,197.247.197.185
19,Liliane,Sommers,lsommersi@example.com,Female,229.70.75.173
20,Tod,Ware,twarej@canalblog.com,Genderqueer,152.41.235.245
21,Ashlee,Brosi,abrosik@homestead.com,Female,157.209.111.226
22,Jarrod,Bonome,jbonomel@spiegel.de,Male,166.164.54.115
23,Arny,Splain,asplainm@wix.com,Male,13.189.64.74
24,Philippa,Mounce,pmouncen@vistaprint.com,Female,59.187.163.53
25,Neville,Libri,nlibrio@163.com,Male,148.107.255.150
26,Andras,Robbel,arobbelp@narod.ru,Male,138.9.210.166
27,Mordecai,Binstead,mbinsteadq@woothemes.com,Male,219.213.63.162
28,Nicolis,Bravery,nbraveryr@etsy.com,Male,221.87.243.4
29,Arlee,Physic,aphysics@acquirethisname.com,Female,61.134.180.219
30,Sandi,McLucas,smclucast@printfriendly.com,Polygender,244.149.241.31
31,Chrisse,Notton,cnottonu@weibo.com,Male,145.212.14.177
32,Doroteya,Wrightson,dwrightsonv@360.cn,Female,19.250.246.110
33,Abeu,McGarrie,amcgarriew@elegantthemes.com,Male,176.8.243.164
34,Johannah,Londing,jlondingx@geocities.jp,Genderfluid,71.23.3.218
35,Lynnette,Gaddas,lgaddasy@google.com.hk,Female,52.121.192.97
36,Caprice,Bum,cbumz@pcworld.com,Female,189.85.74.163
37,Dinny,Dudeney,ddudeney10@nature.com,Female,9.123.193.40
38,Chuck,Cottu,ccottu11@rediff.com,Male,57.61.39.210
39,Hansiain,Martyn,hmartyn12@facebook.com,Male,43.232.214.22
40,Rivkah,Roulston,rroulston13@yahoo.co.jp,Female,248.84.216.242
41,Vergil,Wenderott,vwenderott14@reddit.com,Polygender,136.245.242.252
42,Grace,Garnsey,ggarnsey15@ow.ly,Male,109.200.66.197
43,Dukie,McCormick,dmccormick16@nifty.com,Male,237.22.101.150
44,Brendan,Souster,bsouster17@paypal.com,Male,117.196.150.187
45,Agustin,Spataro,aspataro18@oaic.gov.au,Male,54.134.136.123
46,Jordan,Hails,jhails19@merriam-webster.com,Female,95.31.229.35
47,Kaia,Repp,krepp1a@si.edu,Female,149.56.140.53
48,Jacqui,Ply,jply1b@umn.edu,Female,52.246.75.242
49,Kinny,Becom,kbecom1c@hp.com,Male,6.51.217.95
50,Efren,Jansie,ejansie1d@uol.com.br,Male,131.240.41.184
51,Latashia,Hann,lhann1e@hugedomains.com,Female,238.145.4.133
52,Hasty,Coda,hcoda1f@newyorker.com,Male,251.86.183.195
53,Gunner,Gavozzi,ggavozzi1g@cnet.com,Bigender,55.31.17.61
54,Chan,Krug,ckrug1h@comcast.net,Male,104.192.205.246
55,Bowie,Abbotts,babbotts1i@parallels.com,Male,12.151.29.3
56,Toby,Duffill,tduffill1j@techcrunch.com,Male,102.52.246.52
57,Cam,Pamment,cpamment1k@blinklist.com,Male,251.244.29.106
58,Hetty,Vondrach,hvondrach1l@europa.eu,Female,4.154.202.103
59,Louie,Bumpass,lbumpass1m@pcworld.com,Male,73.46.23.31
60,Gisella,Kenford,gkenford1n@umich.edu,Female,59.11.18.242
61,Nerti,Atwood,natwood1o@mac.com,Female,226.159.89.35
62,Emily,Chaperlin,echaperlin1p@elpais.com,Female,222.251.34.119
63,Brock,Grisenthwaite,bgrisenthwaite1q@wikipedia.org,Male,97.76.247.78
64,Roi,Clemencet,rclemencet1r@ed.gov,Male,154.66.121.207
65,Gratiana,Himpson,ghimpson1s@home.pl,Female,146.183.195.83
66,Nicholle,O' Ronan,noronan1t@ihg.com,Bigender,119.114.74.29
67,Archer,Gait,agait1u@msu.edu,Male,128.250.186.255
68,Nannette,Capper,ncapper1v@home.pl,Genderqueer,125.129.111.180
69,Xever,Juett,xjuett1w@flickr.com,Male,166.164.219.68
70,Horace,Von Brook,hvonbrook1x@reference.com,Male,100.34.182.194
71,Loralie,Jordison,ljordison1y@themeforest.net,Female,52.175.199.146
72,Woodie,Preskett,wpreskett1z@independent.co.uk,Male,87.157.103.180
73,Chadwick,MacTerlagh,cmacterlagh20@comsenz.com,Male,15.188.215.251
74,Artus,Nurny,anurny21@weather.com,Non-binary,101.157.172.127
75,Wake,Tenaunt,wtenaunt22@usa.gov,Male,251.72.198.103
76,Darby,Shirtliff,dshirtliff23@parallels.com,Bigender,222.149.140.195
77,Dun,Colvill,dcolvill24@businessweek.com,Male,197.87.191.146
78,Cornela,McMeekan,cmcmeekan25@cloudflare.com,Female,148.123.125.196
79,Britt,Gallafant,bgallafant26@pinterest.com,Female,37.220.77.197
80,Feodor,Fayre,ffayre27@qq.com,Male,77.94.146.211
81,Crawford,Mulmuray,cmulmuray28@cnbc.com,Male,37.13.174.243
82,Camala,Littlepage,clittlepage29@mediafire.com,Agender,250.208.66.250
83,Sisile,Reedyhough,sreedyhough2a@bloomberg.com,Female,239.243.245.177
84,Freddie,Thomsen,fthomsen2b@oracle.com,Male,249.143.85.85
85,Haley,Hazel,hhazel2c@123-reg.co.uk,Male,233.198.61.107
86,Pierette,Altham,paltham2d@irs.gov,Female,216.54.118.22
87,Alvina,Conradie,aconradie2e@etsy.com,Female,199.146.88.107
88,Horatius,Pickersail,hpickersail2f@opensource.org,Male,249.203.31.107
89,Dionysus,Pennyman,dpennyman2g@arstechnica.com,Polygender,168.106.18.248
90,Codee,Trowl,ctrowl2h@google.fr,Female,148.222.240.56
91,Batsheva,Canepe,bcanepe2i@discuz.net,Female,123.126.251.107
92,Cary,Dalbey,cdalbey2j@ft.com,Female,12.121.124.89
93,Maury,Longrigg,mlongrigg2k@gov.uk,Male,121.244.118.173
94,Milzie,McGeown,mmcgeown2l@illinois.edu,Female,137.78.26.117
95,Madge,O'Hanley,mohanley2m@vinaora.com,Female,127.176.111.31
96,Fabian,Tiernan,ftiernan2n@fema.gov,Male,248.145.221.100
97,Biddie,Pitcaithly,bpitcaithly2o@nyu.edu,Female,254.105.72.249
98,Cristionna,Sharpe,csharpe2p@facebook.com,Female,128.169.190.9
99,Juana,Kindell,jkindell2q@forbes.com,Female,215.218.68.167
100,Devy,Billison,dbillison2r@google.co.uk,Male,142.174.201.103
101,Staci,Cranmor,scranmor2s@cocolog-nifty.com,Female,183.153.187.107
102,Gabriele,Jewess,gjewess2t@printfriendly.com,Male,201.16.32.145
103,Sapphira,Sellwood,ssellwood2u@networksolutions.com,Female,217.174.52.177
104,Raff,Benoey,rbenoey2v@answers.com,Male,17.124.167.27
105,Nert,Espine,nespine2w@yolasite.com,Female,22.58.131.181
106,Holly-anne,Geggie,hgeggie2x@ning.com,Female,36.26.158.53
107,Danica,Oen,doen2y@bizjournals.com,Female,55.213.180.152
108,Ann-marie,Haine,ahaine2z@bloglines.com,Female,188.204.207.201
109,Mirabelle,Irwin,mirwin30@patch.com,Female,237.187.133.235
110,Vitoria,Lorraine,vlorraine31@printfriendly.com,Female,210.98.9.71
111,Brittne,Groom,bgroom32@nationalgeographic.com,Female,23.98.42.41
112,Chariot,Wiseman,cwiseman33@sciencedaily.com,Male,165.159.237.244
113,Dyann,Guiraud,dguiraud34@dmoz.org,Female,91.43.238.152
114,Antonin,Hedworth,ahedworth35@google.fr,Male,74.143.88.196
115,Trenna,Stalman,tstalman36@prlog.org,Female,144.222.241.138
116,Terrye,Curson,tcurson37@elegantthemes.com,Female,212.136.38.94
117,Natalya,Aristide,naristide38@4shared.com,Female,115.6.193.251
118,Linoel,Dolder,ldolder39@deliciousdays.com,Male,73.240.136.132
119,Prentice,Buckle,pbuckle3a@phpbb.com,Male,137.220.241.144
120,Winnifred,Feldhorn,wfeldhorn3b@phoca.cz,Female,253.140.17.80
121,Franklyn,Tomowicz,ftomowicz3c@businessinsider.com,Male,179.217.142.111
122,Aubrey,Docharty,adocharty3d@macromedia.com,Male,105.153.127.136
123,Inge,Liff,iliff3e@google.ca,Female,10.235.152.36
124,Prescott,Orford,porford3f@webnode.com,Male,141.103.238.41
125,Dona,Eversley,deversley3g@github.io,Female,102.45.230.27
126,Joni,Coule,jcoule3h@lulu.com,Female,207.31.237.11
127,Ody,Ionnisian,oionnisian3i@mozilla.com,Male,186.26.183.250
128,Pavia,Klementz,pklementz3j@shop-pro.jp,Female,185.65.36.206
129,Roslyn,Beades,rbeades3k@paginegialle.it,Female,174.227.189.253
130,Althea,Vannucci,avannucci3l@networksolutions.com,Female,53.146.73.28
131,Hardy,Cornfoot,hcornfoot3m@bloglines.com,Male,237.222.169.105
132,Fabien,Adamolli,fadamolli3n@admin.ch,Male,25.33.163.43
133,Barnaby,Etherington,betherington3o@over-blog.com,Male,172.16.235.223
134,Phillie,Blakes,pblakes3p@yale.edu,Female,175.98.12.37
135,Lev,Kindle,lkindle3q@fotki.com,Male,207.129.212.84
136,Tremaine,Kilgrew,tkilgrew3r@wsj.com,Male,218.85.19.21
137,Avril,Creenan,acreenan3s@amazon.de,Female,136.53.138.201
138,Feodor,Finicj,ffinicj3t@cnn.com,Male,145.210.190.44
139,Lazarus,Moine,lmoine3u@lycos.com,Male,153.219.125.150
140,Samuele,Gerold,sgerold3v@behance.net,Male,116.253.143.134
141,Jared,Sellens,jsellens3w@parallels.com,Male,187.204.216.148
142,Jodie,Rallings,jrallings3x@foxnews.com,Male,247.29.43.123
143,Giuditta,McCheyne,gmccheyne3y@nps.gov,Female,162.238.15.26
144,Ardene,Swepson,aswepson3z@slashdot.org,Genderfluid,118.15.132.30
145,Dar,Bakster,dbakster40@surveymonkey.com,Male,41.3.69.166
146,Kalina,Bhar,kbhar41@plala.or.jp,Female,190.47.199.212
147,Stewart,Kermeen,skermeen42@cnn.com,Male,33.208.97.25
148,Gaspar,Lambert-Ciorwyn,glambertciorwyn43@shinystat.com,Male,159.44.122.14
149,Bentlee,Miche,bmiche44@edublogs.org,Male,215.15.74.192
150,Rayner,McCrostie,rmccrostie45@issuu.com,Male,224.172.166.149
151,Vilhelmina,Ells,vells46@nature.com,Female,200.147.3.81
152,Annabella,Ferrelli,aferrelli47@webs.com,Female,86.215.19.238
153,Vinny,Barford,vbarford48@shinystat.com,Female,254.212.60.224
154,Fania,Marrington,fmarrington49@microsoft.com,Female,198.10.175.183
155,Wang,Ravelus,wravelus4a@discovery.com,Male,47.224.1.97
156,Louella,Purslow,lpurslow4b@discovery.com,Female,141.23.58.177
157,Morris,Dockray,mdockray4c@opera.com,Male,122.88.184.152
158,Nessa,Hellings,nhellings4d@mediafire.com,Female,203.62.140.139
159,Caresa,Allso,callso4e@wix.com,Female,97.244.89.101
160,Karly,Huntress,khuntress4f@google.co.uk,Female,90.168.125.15
161,Reagan,Cufley,rcufley4g@nymag.com,Male,14.240.138.83
162,Gilemette,Smoth,gsmoth4h@ca.gov,Female,66.118.119.154
163,Anna,Evelyn,aevelyn4i@reverbnation.com,Female,209.220.191.73
164,Peter,Madigan,pmadigan4j@macromedia.com,Male,147.101.20.234
165,Kristos,Perks,kperks4k@newsvine.com,Male,14.223.125.243
166,Parke,Brendel,pbrendel4l@yale.edu,Male,222.243.128.4
167,Forester,Tull,ftull4m@etsy.com,Male,151.244.250.66
168,Lucio,King,lking4n@bluehost.com,Male,154.120.88.243
169,Zandra,Nott,znott4o@trellian.com,Female,58.212.122.7
170,Crawford,Biggadyke,cbiggadyke4p@nydailynews.com,Male,100.209.254.110
171,Trenton,Albisser,talbisser4q@auda.org.au,Male,142.235.25.149
172,Dominique,Stuehmeyer,dstuehmeyer4r@barnesandnoble.com,Female,79.217.7.235
173,Billy,Haslewood,bhaslewood4s@youtube.com,Male,124.248.245.158
174,Thain,Jolliffe,tjolliffe4t@gmpg.org,Male,56.230.115.227
175,Samson,Domesday,sdomesday4u@pen.io,Male,253.141.158.120
176,Garwood,Bridgnell,gbridgnell4v@disqus.com,Male,151.192.198.221
177,Tabina,Franssen,tfranssen4w@php.net,Female,46.190.163.188
178,Benedicto,Fairbeard,bfairbeard4x@xrea.com,Male,255.165.88.19
179,Malcolm,MacGuiness,mmacguiness4y@samsung.com,Male,68.151.13.191
180,Meggi,Writer,mwriter4z@harvard.edu,Female,5.151.10.134
181,Junia,Tonner,jtonner50@shop-pro.jp,Female,90.86.210.120
182,Morissa,Kubacki,mkubacki51@dion.ne.jp,Female,193.150.188.165
183,Heath,Torn,htorn52@miibeian.gov.cn,Male,41.130.206.120
184,Maris,Luc,mluc53@cdbaby.com,Female,163.11.0.53
185,Bourke,Berrey,bberrey54@ca.gov,Genderfluid,17.178.158.104
186,Thedrick,Maleney,tmaleney55@so-net.ne.jp,Male,137.160.87.76
187,Aimee,Tapin,atapin56@java.com,Polygender,136.23.238.26
188,Ealasaid,Sporgeon,esporgeon57@harvard.edu,Female,24.207.16.17
189,Leanora,Corbin,lcorbin58@wikia.com,Female,186.131.66.0
190,Carmela,Mallaby,cmallaby59@ezinearticles.com,Female,94.92.192.65
191,Nissa,Cruft,ncruft5a@howstuffworks.com,Female,105.19.220.25
192,Talyah,Fosse,tfosse5b@dailymotion.com,Female,102.114.47.216
193,Randall,Readshaw,rreadshaw5c@weebly.com,Male,205.106.188.56
194,Kalli,Insole,kinsole5d@lycos.com,Female,139.142.6.222
195,Chev,Mish,cmish5e@wiley.com,Male,57.114.117.215
196,Reinald,Kohrding,rkohrding5f@furl.net,Male,242.106.234.46
197,Minnie,Estevez,mestevez5g@dion.ne.jp,Female,47.166.28.60
198,Tiff,Cecchi,tcecchi5h@fema.gov,Female,78.180.99.31
199,Zonnya,MacAvddy,zmacavddy5i@toplist.cz,Female,193.204.98.234
200,Armin,Kitchen,akitchen5j@earthlink.net,Male,164.225.141.65
201,Camella,Bunhill,cbunhill5k@tumblr.com,Female,45.35.161.91
202,Andrej,Manton,amanton5l@wordpress.com,Genderqueer,96.249.222.128
203,Cully,Aizik,caizik5m@pagesperso-orange.fr,Male,192.119.111.182
204,Gabriela,De La Haye,gdelahaye5n@eepurl.com,Female,23.120.162.153
205,Jayne,Farncomb,jfarncomb5o@google.it,Female,197.221.139.183
206,Ysabel,Raybould,yraybould5p@jalbum.net,Female,61.243.13.84
207,Parker,Rodolfi,prodolfi5q@livejournal.com,Male,176.72.234.194
208,Rubie,Cardon,rcardon5r@biblegateway.com,Female,238.126.29.241
209,Rose,Tremblett,rtremblett5s@ycombinator.com,Female,25.140.41.87
210,Phylys,Moreinu,pmoreinu5t@about.com,Female,131.91.22.218
211,Kristina,Henkmann,khenkmann5u@ihg.com,Female,36.66.55.106
212,Burgess,Campione,bcampione5v@cornell.edu,Male,164.86.63.222
213,Ian,Maggorini,imaggorini5w@ucoz.com,Male,255.148.66.73
214,Garik,Laneham,glaneham5x@unblog.fr,Male,195.221.181.151
215,Jory,Sissel,jsissel5y@tiny.cc,Male,102.169.26.207
216,Averyl,O'Curran,aocurran5z@wiley.com,Female,35.159.147.15
217,Rancell,Bortolutti,rbortolutti60@storify.com,Male,29.69.155.201
218,Cordy,Cleaveland,ccleaveland61@nsw.gov.au,Male,129.49.79.187
219,Elisha,Bloxsum,ebloxsum62@about.me,Female,163.44.189.88
220,Gothart,Rowen,growen63@deviantart.com,Male,155.247.219.243
221,Malena,Creeboe,mcreeboe64@cmu.edu,Female,146.214.170.207
222,Venus,Januszewicz,vjanuszewicz65@shinystat.com,Female,79.90.222.142
223,Isaiah,Oby,ioby66@squidoo.com,Male,62.249.65.188
224,Edgard,Duns,eduns67@example.com,Male,93.189.45.190
225,Sidoney,Bibbie,sbibbie68@multiply.com,Female,193.229.239.110
226,Clemence,Hursey,chursey69@so-net.ne.jp,Female,218.180.221.179
227,Garik,Swindle,gswindle6a@blogger.com,Male,52.166.178.60
228,Arvin,MacCague,amaccague6b@chicagotribune.com,Male,31.247.88.231
229,Bridie,Collopy,bcollopy6c@mashable.com,Female,193.80.155.63
230,Filbert,Walduck,fwalduck6d@blogs.com,Male,27.9.150.184
231,Genovera,Ivanin,givanin6e@ustream.tv,Female,89.53.21.171
232,Merwin,Leibold,mleibold6f@free.fr,Male,21.240.183.101
233,Serge,Ekell,sekell6g@wunderground.com,Male,197.19.250.98
234,Chandler,Aleksich,caleksich6h@wix.com,Male,20.216.2.159
235,Olivette,Spenclay,ospenclay6i@springer.com,Female,43.125.159.3
236,Padraig,Piddletown,ppiddletown6j@china.com.cn,Male,189.54.168.176
237,Easter,Rummings,erummings6k@networksolutions.com,Female,103.39.215.224
238,Aleksandr,Cescon,acescon6l@nsw.gov.au,Male,98.151.35.194
239,Sheff,Mabon,smabon6m@ifeng.com,Male,63.173.184.195
240,Zaneta,Petegre,zpetegre6n@free.fr,Female,240.38.100.206
241,Jena,Colson,jcolson6o@biglobe.ne.jp,Female,111.243.175.7
242,Kevan,Beeton,kbeeton6p@myspace.com,Male,43.127.249.191
243,Vicky,Goold,vgoold6q@miitbeian.gov.cn,Female,188.32.178.236
244,Webb,Tiebe,wtiebe6r@ihg.com,Male,37.32.228.110
245,Horten,Yushachkov,hyushachkov6s@desdev.cn,Male,56.78.142.54
246,Ambrosio,Glancey,aglancey6t@bluehost.com,Male,17.139.81.0
247,Lela,Pigot,lpigot6u@imdb.com,Bigender,203.193.74.99
248,Dwight,Wogdon,dwogdon6v@archive.org,Male,149.116.17.142
249,Lavina,Kopelman,lkopelman6w@cpanel.net,Female,91.162.164.45
250,Kelcey,Vedenyakin,kvedenyakin6x@netlog.com,Polygender,163.182.192.217
251,Charles,Ixor,cixor6y@nymag.com,Male,209.68.205.224
252,Zebedee,Wrist,zwrist6z@microsoft.com,Male,2.145.160.225
253,Naoma,Ashman,nashman70@delicious.com,Female,7.59.152.76
254,Kikelia,Cosker,kcosker71@freewebs.com,Female,198.170.159.67
255,Kial,Venable,kvenable72@marriott.com,Female,148.18.8.110
256,Maren,Leuren,mleuren73@ebay.co.uk,Female,123.9.249.57
257,Colan,Penman,cpenman74@wikipedia.org,Non-binary,165.16.26.116
258,Darrin,Tipton,dtipton75@live.com,Male,32.46.124.166
259,Fitz,McAulay,fmcaulay76@g.co,Male,186.189.235.12
260,Janaye,Salle,jsalle77@arstechnica.com,Female,91.54.153.132
261,Finlay,Saturley,fsaturley78@alibaba.com,Male,89.58.93.19
262,Matty,Culbert,mculbert79@census.gov,Bigender,66.235.28.48
263,Myra,Gorhardt,mgorhardt7a@cyberchimps.com,Female,102.134.249.91
264,Adrianne,Shall,ashall7b@nytimes.com,Female,231.215.54.75
265,Ignazio,Puttergill,iputtergill7c@goo.ne.jp,Male,87.2.175.20
266,Althea,Petworth,apetworth7d@vk.com,Female,89.210.34.58
267,Karine,Larrosa,klarrosa7e@noaa.gov,Female,248.191.198.145
268,Jude,Alphege,jalphege7f@com.com,Male,102.157.74.155
269,Toiboid,Bayne,tbayne7g@toplist.cz,Agender,234.232.0.117
270,Rudy,Dussy,rdussy7h@freewebs.com,Genderqueer,102.108.163.65
271,Fred,Glendenning,fglendenning7i@quantcast.com,Male,183.10.18.20
272,Marjorie,Kubin,mkubin7j@sakura.ne.jp,Female,55.81.255.154
273,Dosi,Ikin,dikin7k@ustream.tv,Female,144.135.91.49
274,Lenci,Bridewell,lbridewell7l@loc.gov,Male,72.5.227.82
275,Sigmund,Pile,spile7m@boston.com,Male,121.175.21.184
276,Eben,Steere,esteere7n@multiply.com,Male,183.119.241.37
277,Tanney,Hilling,thilling7o@youku.com,Male,170.154.85.27
278,Anabal,Danaher,adanaher7p@samsung.com,Female,164.197.193.116
279,Farley,Scrymgeour,fscrymgeour7q@creativecommons.org,Male,55.52.93.216
280,Iolande,Eilhermann,ieilhermann7r@hibu.com,Female,74.10.188.62
281,Nonnah,Boxhill,nboxhill7s@exblog.jp,Genderqueer,172.229.137.186
282,Carin,Elliott,celliott7t@rakuten.co.jp,Female,141.216.248.147
283,Devy,Marston,dmarston7u@walmart.com,Bigender,113.254.230.111
284,Reider,Everist,reverist7v@illinois.edu,Male,117.249.87.159
285,Jeane,Spriggs,jspriggs7w@yale.edu,Female,133.184.220.208
286,Franky,Emson,femson7x@youtube.com,Male,161.130.175.116
287,Karita,Ewing,kewing7y@tripod.com,Female,244.42.162.190
288,Belle,Zorn,bzorn7z@eepurl.com,Female,244.104.209.34
289,Kennedy,Koomar,kkoomar80@vk.com,Male,216.113.99.200
290,Eolanda,Orred,eorred81@shinystat.com,Female,184.122.251.152
291,Devin,Stolting,dstolting82@google.cn,Female,11.229.39.93
292,Harley,Senecaux,hsenecaux83@house.gov,Female,16.221.83.134
293,Maryanne,Juares,mjuares84@opensource.org,Female,106.159.67.225
294,Sheffy,Kamen,skamen85@dyndns.org,Male,232.123.223.64
295,Jaimie,Kenchington,jkenchington86@skyrock.com,Male,172.234.204.171
296,Maxwell,Seville,mseville87@51.la,Male,58.182.222.237
297,Xerxes,Netley,xnetley88@1und1.de,Male,90.12.219.98
298,Andrew,Grundwater,agrundwater89@constantcontact.com,Male,86.146.25.157
299,Pascal,Hayman,phayman8a@wix.com,Male,91.70.189.85
300,Merrili,Teresi,mteresi8b@reference.com,Female,50.73.230.61
301,Farrell,Standidge,fstandidge8c@hp.com,Male,112.17.49.141
302,Alverta,Crowche,acrowche8d@fastcompany.com,Female,40.163.249.107
303,Antony,Clyma,aclyma8e@infoseek.co.jp,Male,77.27.221.167
304,James,Russi,jrussi8f@amazon.co.jp,Male,102.106.129.123
305,Hephzibah,Seabourne,hseabourne8g@cafepress.com,Female,125.200.228.59
306,Josey,Midgely,jmidgely8h@shutterfly.com,Female,208.53.66.32
307,Elsworth,Abela,eabela8i@clickbank.net,Male,243.144.68.150
308,Patty,Denkin,pdenkin8j@yale.edu,Male,128.32.116.5
309,Kristi,Botten,kbotten8k@cafepress.com,Female,213.239.206.97
310,Berny,Rippen,brippen8l@bloglovin.com,Male,180.149.193.190
311,Trudey,Dubber,tdubber8m@theatlantic.com,Female,173.76.107.11
312,Lucine,Raffeorty,lraffeorty8n@mashable.com,Genderqueer,129.138.235.3
313,Haze,Dudson,hdudson8o@theguardian.com,Male,89.186.176.178
314,Christoforo,Derbyshire,cderbyshire8p@deliciousdays.com,Male,76.30.229.151
315,Humfrid,Dumberell,hdumberell8q@ocn.ne.jp,Agender,100.128.180.153
316,Ailis,Handrik,ahandrik8r@cpanel.net,Female,254.152.239.231
317,Tyrone,Kinset,tkinset8s@cbslocal.com,Male,157.25.205.242
318,Aubine,McKimmey,amckimmey8t@eventbrite.com,Female,234.214.21.99
319,Juliana,Franken,jfranken8u@example.com,Female,130.233.21.239
320,Wyatt,Breslauer,wbreslauer8v@nymag.com,Male,34.160.131.164
321,Georgeanne,Brunelleschi,gbrunelleschi8w@php.net,Female,174.88.253.121
322,Annmarie,Etienne,aetienne8x@reuters.com,Female,55.182.174.201
323,Talya,Gerardeaux,tgerardeaux8y@wisc.edu,Female,239.88.20.201
324,Aluino,Dragon,adragon8z@bluehost.com,Male,70.250.49.123
325,Lincoln,Grgic,lgrgic90@scribd.com,Male,178.132.30.201
326,Vinnie,Panther,vpanther91@wsj.com,Female,162.182.254.96
327,Burg,Feeley,bfeeley92@wired.com,Male,125.20.202.68
328,Alberik,Denholm,adenholm93@baidu.com,Male,60.111.233.177
329,Katina,Massard,kmassard94@squidoo.com,Female,6.220.93.68
330,Zara,Comford,zcomford95@bing.com,Agender,2.185.149.84
331,Pepi,Dennidge,pdennidge96@newsvine.com,Female,179.109.252.202
332,Bo,Petegrew,bpetegrew97@hostgator.com,Male,34.206.234.124
333,Dunc,Pepi,dpepi98@creativecommons.org,Male,251.139.138.86
334,Freeland,Saffen,fsaffen99@ebay.com,Male,249.50.251.10
335,Mariellen,Cornill,mcornill9a@oaic.gov.au,Female,89.218.80.10
336,Hugo,Edelston,hedelston9b@fotki.com,Male,0.80.207.111
337,Essie,Mays,emays9c@bing.com,Bigender,91.228.1.237
338,Candida,Conelly,cconelly9d@accuweather.com,Female,108.158.182.49
339,Marianna,Cordero,mcordero9e@bravesites.com,Female,221.180.153.198
340,Raffarty,Suff,rsuff9f@naver.com,Male,121.106.233.51
341,Krysta,Maben,kmaben9g@usgs.gov,Genderqueer,58.236.200.62
342,Paddy,Kellert,pkellert9h@meetup.com,Male,53.79.201.15
343,Dar,Gerrets,dgerrets9i@pagesperso-orange.fr,Male,77.179.16.223
344,Mata,McCrone,mmccrone9j@google.com,Male,195.51.228.49
345,Berkley,Causbey,bcausbey9k@pbs.org,Male,172.229.164.212
346,Caldwell,Fellow,cfellow9l@odnoklassniki.ru,Male,103.181.79.191
347,Morlee,Chastel,mchastel9m@amazonaws.com,Male,38.183.199.125
348,Issi,Fevier,ifevier9n@howstuffworks.com,Female,241.20.207.198
349,Kati,Muffen,kmuffen9o@yellowpages.com,Female,239.87.3.129
350,Mary,Shotton,mshotton9p@infoseek.co.jp,Female,8.229.31.247
351,Ericha,Silman,esilman9q@1688.com,Female,59.40.0.118
352,Dallis,Gillyatt,dgillyatt9r@discuz.net,Male,111.136.211.89
353,Paige,Yewdale,pyewdale9s@unblog.fr,Female,178.248.40.171
354,Alfred,MacCathay,amaccathay9t@gov.uk,Male,97.157.254.28
355,Clare,Mawne,cmawne9u@sun.com,Non-binary,217.59.50.99
356,Wade,Brearley,wbrearley9v@msu.edu,Male,83.23.244.223
357,Gaile,Hurle,ghurle9w@gravatar.com,Male,199.123.98.179
358,Valle,Widdocks,vwiddocks9x@fda.gov,Male,138.225.156.67
359,Lynnelle,Houldin,lhouldin9y@youku.com,Female,253.168.3.251
360,Jacintha,Ruck,jruck9z@wiley.com,Female,214.83.226.237
361,Benjamen,Haryngton,bharyngtona0@google.de,Male,163.70.79.138
362,Tandi,Batho,tbathoa1@reference.com,Female,92.91.150.176
363,Eolanda,Roddick,eroddicka2@alibaba.com,Female,159.40.43.89
364,Joyous,Fettiplace,jfettiplacea3@wiley.com,Female,9.19.47.85
365,Bearnard,Besse,bbessea4@go.com,Male,63.231.36.138
366,Grove,Baldelli,gbaldellia5@yellowbook.com,Male,135.212.140.98
367,Adelaide,Mossman,amossmana6@ovh.net,Genderfluid,63.117.152.210
368,Berta,Witham,bwithama7@yolasite.com,Non-binary,49.109.243.212
369,Keenan,Ellson,kellsona8@usa.gov,Male,183.252.26.153
370,Tore,Wrintmore,twrintmorea9@pinterest.com,Agender,132.83.8.231
371,Milissent,Karpfen,mkarpfenaa@japanpost.jp,Female,103.183.191.204
372,Lissa,Yurshev,lyurshevab@house.gov,Female,19.248.16.62
373,Annissa,Pouck,apouckac@hc360.com,Female,169.202.146.181
374,Aube,Burgane,aburganead@japanpost.jp,Male,39.105.149.236
375,Joseito,Savile,jsavileae@purevolume.com,Male,3.127.8.112
376,Cletus,O'Driscoll,codriscollaf@cam.ac.uk,Non-binary,251.75.242.64
377,Caryl,McCann,cmccannag@rediff.com,Female,60.34.240.38
378,Hartley,Szantho,hszanthoah@virginia.edu,Male,33.202.193.96
379,Bing,Sicely,bsicelyai@virginia.edu,Male,186.72.161.132
380,Burch,Bischof,bbischofaj@mail.ru,Male,170.0.109.147
381,Dru,Inott,dinottak@sciencedirect.com,Male,64.125.87.126
382,Jordanna,Nussgen,jnussgenal@google.it,Female,241.255.245.37
383,Ky,Spiaggia,kspiaggiaam@latimes.com,Male,40.190.136.31
384,Beverlie,Roback,brobackan@stumbleupon.com,Female,130.210.218.103
385,Brena,Biskupski,bbiskupskiao@furl.net,Female,201.255.136.140
386,Parry,Olech,polechap@ebay.com,Male,23.198.219.40
387,Candy,Castletine,ccastletineaq@paypal.com,Female,10.116.179.26
388,Martyn,Ayllett,mayllettar@oakley.com,Male,158.209.244.140
389,Matthaeus,O'Haire,mohaireas@prnewswire.com,Male,175.224.39.170
390,Adolphe,Olpin,aolpinat@wired.com,Male,165.197.104.109
391,Andreana,Beining,abeiningau@about.com,Female,56.187.55.124
392,Randie,Stedson,rstedsonav@dion.ne.jp,Male,53.192.45.214
393,Serena,d'Arcy,sdarcyaw@abc.net.au,Genderfluid,142.178.252.112
394,Aleen,Mingus,amingusax@merriam-webster.com,Female,40.62.47.245
395,Rubie,Maffi,rmaffiay@phoca.cz,Female,196.37.6.35
396,Reinaldo,McCrae,rmccraeaz@google.pl,Male,74.144.53.43
397,Talbert,Holburn,tholburnb0@clickbank.net,Male,102.253.12.55
398,Buffy,Billes,bbillesb1@globo.com,Female,205.16.61.111
399,Alfie,Winspar,awinsparb2@last.fm,Male,38.13.208.156
400,Christabel,Weeden,cweedenb3@cafepress.com,Bigender,135.46.166.92
401,Mitchell,Schoenrock,mschoenrockb4@theguardian.com,Male,123.176.71.45
402,Frank,Cavalier,fcavalierb5@nytimes.com,Male,127.135.131.76
403,Fannie,MacKim,fmackimb6@smugmug.com,Female,88.110.151.81
404,Georgianna,McDonough,gmcdonoughb7@japanpost.jp,Female,171.216.198.233
405,Durant,Scibsey,dscibseyb8@nature.com,Male,193.234.26.31
406,Mirna,Kulic,mkulicb9@live.com,Female,255.5.239.58
407,Janeva,Rowledge,jrowledgeba@blogs.com,Female,34.202.255.122
408,Worthington,Angove,wangovebb@drupal.org,Male,215.168.89.1
409,Caitlin,Ferrotti,cferrottibc@booking.com,Female,150.155.155.154
410,Elvis,Banaszkiewicz,ebanaszkiewiczbd@nyu.edu,Male,83.98.12.16
411,Patton,Kimblin,pkimblinbe@omniture.com,Male,38.58.46.49
412,Herbie,Spata,hspatabf@globo.com,Male,129.226.163.85
413,Malia,Ledrun,mledrunbg@bloomberg.com,Female,174.136.118.121
414,Danie,Quibell,dquibellbh@aboutads.info,Male,28.181.52.246
415,Vanya,Toffoloni,vtoffolonibi@accuweather.com,Female,193.63.35.235
416,Pam,Silburn,psilburnbj@cloudflare.com,Genderfluid,124.110.178.68
417,Joan,Goutcher,jgoutcherbk@tumblr.com,Female,39.31.147.167
418,Gunilla,Ramshay,gramshaybl@rambler.ru,Female,170.133.101.128
419,Brandy,Jory,bjorybm@addthis.com,Female,195.84.182.108
420,Darcy,Ciccotto,dciccottobn@ifeng.com,Male,249.31.212.89
421,Adella,Beringer,aberingerbo@home.pl,Female,68.140.253.159
422,Zachary,Izakof,zizakofbp@youtu.be,Male,42.98.253.254
423,Cariotta,Whapples,cwhapplesbq@homestead.com,Female,77.175.157.115
424,Tonnie,Whitland,twhitlandbr@nba.com,Male,193.92.254.32
425,Henderson,Baudy,hbaudybs@amazon.co.uk,Male,92.63.9.207
426,Trista,Spaxman,tspaxmanbt@friendfeed.com,Female,215.190.7.72
427,Drusie,Cronk,dcronkbu@clickbank.net,Female,47.2.37.158
428,Morry,O'Sheilds,mosheildsbv@over-blog.com,Male,184.75.152.223
429,Arleen,Dummer,adummerbw@comcast.net,Female,26.175.171.64
430,Gorden,Sailer,gsailerbx@eepurl.com,Male,65.210.219.242
431,Eddie,Leathard,eleathardby@admin.ch,Male,9.25.60.220
432,Hanan,Aingell,haingellbz@goo.ne.jp,Male,183.111.190.232
433,Ericha,Schoolcroft,eschoolcroftc0@qq.com,Female,184.182.139.25
434,Dylan,Sinclar,dsinclarc1@fc2.com,Non-binary,229.4.123.86
435,Kinnie,Junkin,kjunkinc2@homestead.com,Male,240.182.230.126
436,Jess,Kullmann,jkullmannc3@sphinn.com,Male,129.49.71.3
437,Alice,Racher,aracherc4@gov.uk,Female,174.252.163.87
438,Brent,Chape,bchapec5@feedburner.com,Male,38.32.14.108
439,Brina,Bendix,bbendixc6@twitter.com,Female,216.133.152.60
440,Farlay,Wetter,fwetterc7@thetimes.co.uk,Male,195.161.89.11
441,Zacharia,Enders,zendersc8@google.it,Male,176.165.82.178
442,Torey,Ashling,tashlingc9@webs.com,Female,38.117.227.180
443,Bat,Bendelow,bbendelowca@vistaprint.com,Non-binary,36.239.135.0
444,Jard,McDill,jmcdillcb@ibm.com,Male,227.156.132.31
445,Gabriella,Ramshay,gramshaycc@omniture.com,Female,249.138.165.28
446,Jay,Goodinge,jgoodingecd@cpanel.net,Male,120.117.28.249
447,Brynn,Stoggell,bstoggellce@t.co,Female,207.1.217.242
448,Therine,Pagnin,tpagnincf@washingtonpost.com,Female,11.243.97.143
449,Webster,Bagnal,wbagnalcg@feedburner.com,Male,39.197.12.17
450,Seumas,Peterffy,speterffych@sbwire.com,Male,229.52.255.244
451,Mariette,Volonte,mvolonteci@unblog.fr,Female,43.3.29.112
452,Gordie,Shout,gshoutcj@mediafire.com,Male,169.248.132.126
453,Hale,McDiarmid,hmcdiarmidck@dailymotion.com,Male,200.202.91.105
454,Jacenta,Schild,jschildcl@mashable.com,Female,35.168.114.114
455,Xenos,Carlile,xcarlilecm@is.gd,Male,81.108.146.45
456,Linc,Crone,lcronecn@mapy.cz,Male,177.76.153.20
457,Tersina,Brydell,tbrydellco@sphinn.com,Female,251.248.232.7
458,Mildrid,Sarl,msarlcp@nydailynews.com,Agender,216.219.44.239
459,Prissie,Reaney,preaneycq@ihg.com,Female,180.10.80.29
460,Hakeem,Maplesden,hmaplesdencr@umich.edu,Male,251.74.18.205
461,Georas,Try,gtrycs@mozilla.com,Male,34.139.211.92
462,Joelynn,Danilchik,jdanilchikct@odnoklassniki.ru,Female,73.229.157.8
463,Arvie,Center,acentercu@biglobe.ne.jp,Male,12.191.135.157
464,Bax,Merfin,bmerfincv@shinystat.com,Male,161.1.31.196
465,Batsheva,Ferrar,bferrarcw@google.pl,Female,162.51.212.251
466,Briana,Hubback,bhubbackcx@statcounter.com,Female,9.71.66.77
467,Perry,Blaase,pblaasecy@sitemeter.com,Male,2.13.16.246
468,Chan,Sharer,csharercz@whitehouse.gov,Genderfluid,155.197.82.16
469,Terry,Bwy,tbwyd0@pcworld.com,Bigender,21.12.234.242
470,Westbrooke,Hedworth,whedworthd1@typepad.com,Male,134.113.166.138
471,Kenneth,Gilks,kgilksd2@pagesperso-orange.fr,Male,244.122.189.1
472,Nathanael,Blaszkiewicz,nblaszkiewiczd3@dropbox.com,Male,135.134.224.240
473,Cristine,Cadney,ccadneyd4@accuweather.com,Genderqueer,84.137.120.203
474,Kristyn,Hune,khuned5@ihg.com,Female,71.20.76.76
475,Lennie,Robardey,lrobardeyd6@imageshack.us,Male,164.254.49.56
476,Vachel,Simcox,vsimcoxd7@archive.org,Genderqueer,206.39.234.127
477,Frank,Seago,fseagod8@whitehouse.gov,Female,122.50.201.141
478,Dee dee,Bugbird,dbugbirdd9@cnn.com,Female,17.196.49.24
479,Simonne,Dani,sdanida@cbslocal.com,Non-binary,195.66.253.51
480,Travus,Kobisch,tkobischdb@blogger.com,Male,168.160.173.115
481,Charmaine,Hibbart,chibbartdc@nsw.gov.au,Genderfluid,51.13.229.198
482,Frances,Hartburn,fhartburndd@thetimes.co.uk,Female,18.64.26.245
483,Nikolaus,Gercke,ngerckede@netscape.com,Male,72.149.104.247
484,Cati,Srutton,csruttondf@de.vu,Female,80.17.95.108
485,Janos,Enrich,jenrichdg@utexas.edu,Polygender,195.30.131.139
486,Candie,Dunridge,cdunridgedh@sogou.com,Female,211.133.75.241
487,King,Northeast,knortheastdi@nyu.edu,Male,96.60.189.98
488,Kristi,Gwioneth,kgwionethdj@tiny.cc,Female,60.58.166.201
489,Jillie,Risborough,jrisboroughdk@bbb.org,Female,156.80.14.116
490,Kissiah,Holmyard,kholmyarddl@jigsy.com,Female,217.197.24.121
491,Vivi,Nealon,vnealondm@pen.io,Female,106.216.145.209
492,Nada,Sabin,nsabindn@princeton.edu,Female,54.66.73.26
493,Michaela,Bursnoll,mbursnolldo@moonfruit.com,Female,242.51.82.63
494,Dinnie,Hurdle,dhurdledp@networkadvertising.org,Female,32.247.96.196
495,Verena,Capineer,vcapineerdq@hexun.com,Female,166.246.15.117
496,Cody,Kelland,ckellanddr@jugem.jp,Male,26.150.225.24
497,Lotti,Sirman,lsirmands@skype.com,Genderqueer,36.191.196.243
498,Adiana,Jarrett,ajarrettdt@themeforest.net,Female,212.224.39.215
499,Ring,Slowly,rslowlydu@sfgate.com,Male,225.226.180.3
500,Sallee,Pohling,spohlingdv@jigsy.com,Female,70.78.205.47
501,Bonita,Garaghan,bgaraghandw@odnoklassniki.ru,Female,20.228.37.54
502,Bianca,Rockhall,brockhalldx@answers.com,Female,155.44.218.119
503,Jozef,Evins,jevinsdy@uiuc.edu,Male,140.17.92.87
504,Kort,Highton,khightondz@npr.org,Male,91.170.131.126
505,Nilson,Haythorne,nhaythornee0@washington.edu,Male,156.140.67.48
506,Wakefield,Moroney,wmoroneye1@vkontakte.ru,Male,20.86.254.5
507,Caryl,Schellig,cschellige2@mozilla.com,Male,232.244.35.15
508,Tandie,Grishkov,tgrishkove3@state.gov,Female,110.62.212.226
509,Whittaker,Say,wsaye4@theatlantic.com,Male,67.82.4.118
510,Ruthann,Mann,rmanne5@tmall.com,Female,158.86.110.17
511,Melba,Cheal,mcheale6@stanford.edu,Female,179.144.129.149
512,Ariadne,Baptista,abaptistae7@timesonline.co.uk,Female,31.193.72.93
513,Gerek,Dentith,gdentithe8@google.it,Male,12.135.220.227
514,Murray,Pinner,mpinnere9@umn.edu,Male,159.8.251.56
515,Virginia,Skaif,vskaifea@furl.net,Female,113.38.254.99
516,Druci,Healings,dhealingseb@eepurl.com,Female,212.2.32.130
517,Rinaldo,Traylen,rtraylenec@facebook.com,Male,183.242.13.140
518,Buddie,Creddon,bcreddoned@archive.org,Male,215.224.102.230
519,Martainn,Labrow,mlabrowee@theatlantic.com,Male,198.242.8.50
520,Grata,Wiburn,gwiburnef@virginia.edu,Female,100.10.74.188
521,Rafe,Juckes,rjuckeseg@tripod.com,Male,167.186.38.157
522,Colin,Crone,ccroneeh@rakuten.co.jp,Male,203.139.158.139
523,Gavrielle,Ible,gibleei@mac.com,Female,35.110.114.209
524,Verney,Dahlgren,vdahlgrenej@joomla.org,Male,156.222.107.238
525,Dael,Fleming,dflemingek@prweb.com,Female,157.107.107.116
526,Selestina,Wakeman,swakemanel@businessweek.com,Female,225.204.236.34
527,Pryce,Jurges,pjurgesem@booking.com,Male,36.148.137.179
528,Ogdon,Gambrell,ogambrellen@tripadvisor.com,Male,237.19.71.80
529,Pablo,Shury,pshuryeo@myspace.com,Male,7.219.48.86
530,Clo,Sheivels,csheivelsep@topsy.com,Female,22.20.92.74
531,Gonzalo,Tejada,gtejadaeq@gov.uk,Male,67.213.200.164
532,Keelia,Shackleton,kshackletoner@weather.com,Female,36.144.28.174
533,Ganny,Oakley,goakleyes@gizmodo.com,Male,197.68.107.184
534,Tobye,Pee,tpeeet@godaddy.com,Female,214.213.200.151
535,Tessi,Dabrowski,tdabrowskieu@mozilla.com,Female,173.36.209.193
536,Virginie,Layne,vlayneev@amazon.com,Female,134.27.171.14
537,Rickey,Colbran,rcolbranew@amazon.co.uk,Non-binary,34.58.237.116
538,Toni,Nears,tnearsex@nbcnews.com,Female,237.48.206.46
539,Lodovico,Brion,lbrioney@fotki.com,Male,1.102.168.135
540,Linn,Simenot,lsimenotez@cafepress.com,Female,183.246.106.223
541,Lita,Tomes,ltomesf0@rediff.com,Female,222.13.239.9
542,Lynda,Yeulet,lyeuletf1@networkadvertising.org,Female,44.54.26.87
543,Russell,Scarf,rscarff2@adobe.com,Male,42.78.250.145
544,Bridie,Issacoff,bissacofff3@wufoo.com,Female,226.182.157.144
545,Clotilda,Fairbourn,cfairbournf4@sun.com,Female,194.54.200.52
546,Nataniel,Falkous,nfalkousf5@aol.com,Male,73.11.115.36
547,Dniren,Ayrs,dayrsf6@forbes.com,Female,206.204.249.249
548,Zsa zsa,Keymer,zkeymerf7@illinois.edu,Female,169.7.46.121
549,Guss,Turford,gturfordf8@amazon.de,Male,17.233.184.233
550,Iris,O'Scandall,ioscandallf9@blog.com,Female,142.90.112.189
551,Danny,Blowfield,dblowfieldfa@umich.edu,Female,198.15.186.252
552,Peder,Mantrup,pmantrupfb@nsw.gov.au,Male,45.198.208.97
553,Matthias,Collington,mcollingtonfc@storify.com,Male,205.189.65.195
554,Deeanne,Verralls,dverrallsfd@google.co.uk,Female,184.72.254.166
555,Torry,Stanett,tstanettfe@sfgate.com,Male,27.203.224.7
556,Ira,Rosnau,irosnauff@tinypic.com,Male,15.38.95.136
557,Ariel,O'Rourke,aorourkefg@freewebs.com,Male,131.136.149.45
558,Vite,Killcross,vkillcrossfh@printfriendly.com,Male,24.205.99.37
559,Tammie,Tolland,ttollandfi@cafepress.com,Male,101.144.216.53
560,Carlin,Marchbank,cmarchbankfj@scribd.com,Male,208.34.219.1
561,Gerick,McGarrell,gmcgarrellfk@ft.com,Genderqueer,238.109.70.189
562,Ardene,Ginnell,aginnellfl@addtoany.com,Female,64.229.56.24
563,Emalia,Gerty,egertyfm@yale.edu,Female,156.83.53.218
564,Joyan,Cawsey,jcawseyfn@xinhuanet.com,Female,23.104.185.50
565,Blaine,Worton,bwortonfo@cnbc.com,Male,189.87.254.191
566,Editha,Whorton,ewhortonfp@tripod.com,Female,115.231.241.204
567,Roby,Philpots,rphilpotsfq@theglobeandmail.com,Female,207.215.21.130
568,Dillie,Troy,dtroyfr@addthis.com,Male,166.48.166.124
569,Norine,Andrioni,nandrionifs@1688.com,Genderfluid,244.178.168.226
570,Kimmie,Batchelder,kbatchelderft@businessweek.com,Female,240.2.251.244
571,Mab,Peagram,mpeagramfu@nih.gov,Female,109.111.210.170
572,Worth,Jagielski,wjagielskifv@vimeo.com,Male,25.84.255.67
573,Darsie,Gilcriest,dgilcriestfw@cisco.com,Female,31.221.102.206
574,Ola,Keddey,okeddeyfx@sun.com,Female,205.175.70.194
575,Cami,Rodenhurst,crodenhurstfy@topsy.com,Genderqueer,162.184.82.245
576,Horatius,Sidle,hsidlefz@theatlantic.com,Male,209.133.171.60
577,Maitilde,Mennell,mmennellg0@rakuten.co.jp,Female,251.149.15.189
578,Iago,Andrus,iandrusg1@clickbank.net,Male,120.240.22.64
579,Willis,Rains,wrainsg2@google.co.jp,Agender,18.226.228.71
580,Arie,Goomes,agoomesg3@wisc.edu,Male,153.29.253.127
581,Porter,Ianne,pianneg4@ucsd.edu,Male,43.84.117.239
582,Godiva,Sharplin,gsharpling5@marriott.com,Female,246.15.159.123
583,Viki,Malatalant,vmalatalantg6@4shared.com,Female,162.74.201.26
584,Laurene,Luckman,lluckmang7@yellowpages.com,Female,10.183.11.161
585,Cecile,Verick,cverickg8@oaic.gov.au,Female,183.231.144.123
586,Valentine,Pickover,vpickoverg9@netlog.com,Male,110.121.233.162
587,Talya,Taunton,ttauntonga@hugedomains.com,Female,32.196.85.171
588,Malcolm,Salsbury,msalsburygb@spiegel.de,Male,42.149.189.196
589,Tyne,Hartin,thartingc@wp.com,Female,76.56.115.143
590,Nadeen,Guterson,ngutersongd@creativecommons.org,Female,141.199.226.7
591,Fabio,Juszczyk,fjuszczykge@exblog.jp,Male,146.30.139.151
592,Cord,Yeskin,cyeskingf@godaddy.com,Male,204.86.225.111
593,Erik,Eagger,eeaggergg@usatoday.com,Male,194.228.193.3
594,Nicholle,Jeaffreson,njeaffresongh@simplemachines.org,Female,196.162.156.246
595,Marielle,Salack,msalackgi@mapy.cz,Female,73.44.252.108
596,Chantalle,Ferrelli,cferrelligj@netvibes.com,Female,237.171.173.28
597,Cesar,Joscelin,cjoscelingk@cmu.edu,Male,126.31.57.213
598,Lauree,Velden,lveldengl@surveymonkey.com,Female,31.99.72.148
599,Midge,Farnan,mfarnangm@blinklist.com,Female,240.207.60.136
600,Emmye,Mowday,emowdaygn@ebay.com,Female,62.104.172.133
601,Peder,Croyden,pcroydengo@creativecommons.org,Agender,5.64.239.199
602,Lesya,Blogg,lblogggp@hao123.com,Female,193.96.134.204
603,Henderson,Paulitschke,hpaulitschkegq@fema.gov,Male,230.90.81.246
604,Jannelle,Davids,jdavidsgr@unesco.org,Female,204.211.159.168
605,Latashia,Jiracek,ljiracekgs@51.la,Female,68.12.213.232
606,Donetta,Skakunas,dskakunasgt@vkontakte.ru,Female,222.40.240.252
607,Tilly,Kidman,tkidmangu@engadget.com,Female,10.66.157.97
608,Maisie,Adamides,madamidesgv@addthis.com,Female,165.163.206.15
609,Shay,Whiteman,swhitemangw@geocities.com,Male,159.73.173.97
610,Kalila,Berick,kberickgx@businessinsider.com,Female,174.233.96.166
611,Nanon,Fuzzey,nfuzzeygy@xinhuanet.com,Female,79.255.93.8
612,Dore,Biddiss,dbiddissgz@cmu.edu,Male,109.235.97.70
613,Englebert,Sudworth,esudworthh0@mit.edu,Male,122.213.15.204
614,Wes,Willicott,wwillicotth1@businessinsider.com,Male,9.132.199.28
615,Joleen,McBean,jmcbeanh2@examiner.com,Female,133.173.189.92
616,Carrol,Loveitt,cloveitth3@businessinsider.com,Male,48.196.5.194
617,Curran,Ronaldson,cronaldsonh4@ow.ly,Male,226.40.157.54
618,Natividad,Corps,ncorpsh5@digg.com,Female,33.97.41.46
619,Joane,Krammer,jkrammerh6@1und1.de,Bigender,92.123.208.212
620,Rhody,Cultcheth,rcultchethh7@devhub.com,Female,222.146.135.164
621,Ralph,Renac,rrenach8@yale.edu,Male,168.129.251.176
622,Jermaine,Lindsley,jlindsleyh9@buzzfeed.com,Male,185.212.48.186
623,Leupold,Rodbourne,lrodbourneha@infoseek.co.jp,Male,117.197.242.204
624,Janis,Bootman,jbootmanhb@si.edu,Female,187.135.6.27
625,Hulda,Sagrott,hsagrotthc@mapy.cz,Female,58.55.110.211
626,Delmore,Olczyk,dolczykhd@howstuffworks.com,Male,156.102.163.227
627,Kinsley,Domino,kdominohe@usatoday.com,Male,62.125.105.118
628,Saree,Cutchey,scutcheyhf@icio.us,Female,218.243.28.87
629,Holly-anne,Jorissen,hjorissenhg@sbwire.com,Female,146.59.85.20
630,Vanessa,Traise,vtraisehh@opera.com,Female,183.0.74.141
631,Stepha,Abthorpe,sabthorpehi@eepurl.com,Female,27.93.109.81
632,Holly,Powdrill,hpowdrillhj@oakley.com,Male,149.253.89.7
633,Hamel,Gomez,hgomezhk@1688.com,Male,161.172.17.68
634,Callida,Thoma,cthomahl@addtoany.com,Female,246.192.81.112
635,Jesse,Gronauer,jgronauerhm@phoca.cz,Male,140.88.68.22
636,Kinnie,Plaide,kplaidehn@yelp.com,Male,45.60.73.145
637,Kaitlynn,Scarlet,kscarletho@europa.eu,Female,111.12.145.203
638,Carolee,Herkess,cherkesshp@edublogs.org,Female,233.177.128.127
639,Morey,Ead,meadhq@myspace.com,Male,12.199.212.117
640,Kaitlyn,Smithe,ksmithehr@webnode.com,Female,122.34.216.255
641,Genna,Peppett,gpeppetths@dot.gov,Female,10.6.51.227
642,Eachelle,Vicarey,evicareyht@oaic.gov.au,Female,52.91.144.154
643,Isobel,Hayman,ihaymanhu@desdev.cn,Female,202.232.70.114
644,Hilary,Oppie,hoppiehv@cyberchimps.com,Male,204.167.87.156
645,Giulietta,Stubbes,gstubbeshw@webs.com,Female,234.250.182.154
646,Breanne,Wandless,bwandlesshx@dedecms.com,Female,233.102.243.253
647,Frederik,Dinsell,fdinsellhy@hud.gov,Male,65.60.201.148
648,Sabine,Delhay,sdelhayhz@discuz.net,Female,213.204.39.106
649,Garrard,Dacombe,gdacombei0@diigo.com,Male,80.167.8.18
650,Forester,Matterson,fmattersoni1@foxnews.com,Male,125.96.48.64
651,Tobe,Bothwell,tbothwelli2@google.com.br,Male,241.250.71.251
652,Lynelle,Wanek,lwaneki3@jiathis.com,Genderfluid,228.137.98.79
653,Lacie,Sargood,lsargoodi4@addtoany.com,Female,155.113.202.39
654,Miller,Patron,mpatroni5@about.com,Male,79.43.91.77
655,Barry,Edards,bedardsi6@senate.gov,Female,173.155.42.171
656,Siffre,Manilow,smanilowi7@moonfruit.com,Male,1.210.125.139
657,Merridie,Lemmers,mlemmersi8@google.it,Agender,171.123.224.118
658,Cosme,Endrighi,cendrighii9@indiegogo.com,Male,159.214.252.52
659,Quintus,Walentynowicz,qwalentynowiczia@woothemes.com,Genderfluid,83.238.229.34
660,Lilah,Gasker,lgaskerib@pinterest.com,Female,24.27.146.155
661,Fremont,Flag,fflagic@1688.com,Male,149.75.184.87
662,Jami,Gegg,jgeggid@dyndns.org,Female,5.197.79.58
663,Jilly,Menezes,jmenezesie@usda.gov,Female,203.128.252.166
664,Schuyler,Solway,ssolwayif@photobucket.com,Male,120.200.229.57
665,Lorenzo,Avramow,lavramowig@si.edu,Bigender,156.101.163.112
666,Ali,Comazzo,acomazzoih@csmonitor.com,Female,153.53.192.70
667,Ardella,Rooson,aroosonii@dagondesign.com,Female,164.16.224.196
668,Jedidiah,Fossey,jfosseyij@cam.ac.uk,Male,112.141.63.39
669,Crista,Fussey,cfusseyik@scribd.com,Female,119.218.138.130
670,Helga,Dumphy,hdumphyil@youtube.com,Female,189.0.179.132
671,Sigismund,Thomlinson,sthomlinsonim@stumbleupon.com,Male,147.224.74.118
672,Tomas,Biskupski,tbiskupskiin@who.int,Male,223.50.50.222
673,Myrtice,Halhead,mhalheadio@google.co.uk,Female,144.215.50.101
674,Abran,Joicey,ajoiceyip@friendfeed.com,Male,8.25.72.133
675,Hartwell,Mack,hmackiq@yale.edu,Male,63.221.17.232
676,Worth,McCotter,wmccotterir@canalblog.com,Male,220.117.122.54
677,Mary,Antoni,mantoniis@ocn.ne.jp,Bigender,168.22.80.79
678,Kali,Ventris,kventrisit@guardian.co.uk,Female,162.51.91.134
679,Ferdie,Joy,fjoyiu@latimes.com,Male,163.201.53.77
680,Jay,Jacobssen,jjacobsseniv@nba.com,Male,121.140.28.207
681,Phillipp,Hallede,phalledeiw@taobao.com,Male,146.236.208.229
682,Stavro,Stonbridge,sstonbridgeix@wired.com,Male,194.165.75.129
683,Dosi,Ghest,dghestiy@people.com.cn,Female,6.201.183.46
684,Corly,Beart,cbeartiz@moonfruit.com,Female,26.5.55.195
685,Von,Wurst,vwurstj0@smh.com.au,Male,19.233.213.120
686,Conway,Edwin,cedwinj1@wikia.com,Male,132.217.165.86
687,Justen,Leele,jleelej2@forbes.com,Male,86.223.157.112
688,Cate,Retchford,cretchfordj3@narod.ru,Female,150.236.177.131
689,Jobi,Alliban,jallibanj4@ustream.tv,Female,45.84.5.227
690,Jilly,Labrum,jlabrumj5@tinyurl.com,Female,27.34.170.23
691,Rainer,Nordass,rnordassj6@google.cn,Male,159.232.125.110
692,Rahal,East,reastj7@parallels.com,Female,39.30.232.144
693,Lester,Bangham,lbanghamj8@homestead.com,Male,200.20.47.142
694,Gannon,Yokelman,gyokelmanj9@amazonaws.com,Male,123.29.120.125
695,Blakelee,Faithfull,bfaithfullja@woothemes.com,Female,35.240.153.212
696,Cheri,Diggin,cdigginjb@squarespace.com,Female,225.74.96.198
697,Charity,oldey,coldeyjc@yellowpages.com,Female,9.211.108.141
698,Clary,Austins,caustinsjd@sourceforge.net,Female,6.163.163.171
699,Mohammed,Tribell,mtribellje@salon.com,Male,18.25.133.109
700,Bond,Novic,bnovicjf@nature.com,Male,253.136.84.62
701,Doralia,Road,droadjg@elpais.com,Female,53.200.151.154
702,Nadine,Gullyes,ngullyesjh@usgs.gov,Female,169.18.234.24
703,Shirl,Libri,slibriji@youtu.be,Female,229.114.210.100
704,Viole,Maffi,vmaffijj@google.de,Female,30.212.250.198
705,Forrest,Lound,floundjk@usatoday.com,Male,101.171.154.234
706,Mellicent,Majury,mmajuryjl@dropbox.com,Female,151.210.181.99
707,Doria,Glader,dgladerjm@howstuffworks.com,Female,10.26.42.131
708,Blythe,Deeley,bdeeleyjn@epa.gov,Female,109.173.93.98
709,Maurits,McKernan,mmckernanjo@java.com,Male,227.89.227.106
710,Patty,Pedracci,ppedraccijp@ezinearticles.com,Female,66.153.6.24
711,Frederic,Broadstock,fbroadstockjq@mysql.com,Male,182.61.132.179
712,Lizette,Chartres,lchartresjr@usatoday.com,Female,182.136.167.219
713,Hope,Bortolutti,hbortoluttijs@delicious.com,Female,230.60.164.75
714,Donni,Fante,dfantejt@java.com,Female,132.147.25.180
715,Morey,Gownge,mgowngeju@wordpress.org,Male,186.80.146.108
716,Candice,Roan,croanjv@squidoo.com,Female,208.78.68.153
717,Orion,Piscot,opiscotjw@accuweather.com,Male,224.51.41.254
718,Keeley,Jaan,kjaanjx@jugem.jp,Female,129.213.202.91
719,Lars,Rays,lraysjy@etsy.com,Male,198.167.28.85
720,Estevan,Fernier,efernierjz@nymag.com,Male,254.182.234.0
721,Knox,Tuffs,ktuffsk0@list-manage.com,Non-binary,50.131.44.139
722,Cornelius,Rushe,crushek1@google.ca,Male,45.13.146.130
723,Gerry,Stut,gstutk2@geocities.jp,Female,130.72.255.66
724,Ryun,Duer,rduerk3@clickbank.net,Male,59.144.162.84
725,Libbie,Kenefick,lkenefickk4@japanpost.jp,Female,83.151.10.237
726,Augustina,Fawley,afawleyk5@bigcartel.com,Female,178.245.198.197
727,Lonnard,Hrinchenko,lhrinchenkok6@seattletimes.com,Male,46.107.151.110
728,Emmerich,Shepeard,eshepeardk7@microsoft.com,Male,244.227.240.175
729,Gerard,Kenny,gkennyk8@ox.ac.uk,Male,187.71.49.214
730,Flore,Gittoes,fgittoesk9@techcrunch.com,Female,183.82.231.99
731,Barrie,Medmore,bmedmoreka@cyberchimps.com,Male,38.204.148.199
732,Jefferey,Westell,jwestellkb@reference.com,Male,9.6.90.4
733,Ula,Ginn,uginnkc@newsvine.com,Female,169.82.195.71
734,Dottie,Godding,dgoddingkd@bandcamp.com,Female,157.9.192.129
735,Belva,Salkild,bsalkildke@etsy.com,Polygender,253.200.138.14
736,Aarika,Vile,avilekf@altervista.org,Female,233.175.33.8
737,Amandi,Hartegan,ahartegankg@google.com.au,Female,161.178.115.252
738,Celestia,Segeswoeth,csegeswoethkh@nydailynews.com,Female,72.113.230.82
739,Ange,Worpole,aworpoleki@omniture.com,Female,210.20.43.213
740,Petronella,Mitchelson,pmitchelsonkj@aboutads.info,Genderqueer,242.4.15.149
741,Isacco,Rookeby,irookebykk@google.ca,Male,238.109.158.50
742,Tanner,Handslip,thandslipkl@zimbio.com,Male,209.11.210.227
743,Sayre,Liversidge,sliversidgekm@odnoklassniki.ru,Male,253.80.143.183
744,Astrix,Arnholtz,aarnholtzkn@sourceforge.net,Female,65.9.199.181
745,Austin,Perico,apericoko@google.fr,Male,222.238.159.7
746,Nolie,Folca,nfolcakp@patch.com,Female,25.66.221.175
747,Maxy,Illyes,millyeskq@nymag.com,Male,234.125.55.103
748,Berky,Guyonneau,bguyonneaukr@weather.com,Male,34.16.234.29
749,Jeremias,Buckoke,jbuckokeks@shareasale.com,Male,204.64.186.72
750,Mikol,von Grollmann,mvongrollmannkt@studiopress.com,Male,191.254.116.123
751,Cornelius,Pounder,cpounderku@bluehost.com,Male,92.52.239.38
752,Broddy,Haggerwood,bhaggerwoodkv@accuweather.com,Male,52.93.226.158
753,Garland,Montier,gmontierkw@google.de,Female,64.164.197.117
754,Halley,Riba,hribakx@elpais.com,Female,228.116.88.61
755,Urbano,Fetherston,ufetherstonky@berkeley.edu,Male,227.128.121.172
756,Luciana,Rickell,lrickellkz@ibm.com,Female,59.66.1.36
757,Eveleen,Wheeler,ewheelerl0@51.la,Female,35.219.174.126
758,Farleigh,Osorio,fosoriol1@statcounter.com,Bigender,21.122.93.176
759,Mark,Stebbing,mstebbingl2@wix.com,Polygender,80.201.157.168
760,Wanids,Styant,wstyantl3@deliciousdays.com,Female,147.123.210.196
761,Julie,Harrisson,jharrissonl4@google.com,Female,8.65.216.87
762,Bendicty,Troop,btroopl5@loc.gov,Male,44.51.134.167
763,Abigail,Rearie,areariel6@arstechnica.com,Female,228.122.197.238
764,Bogey,Antrobus,bantrobusl7@cbc.ca,Male,191.0.32.31
765,Kalindi,Eunson,keunsonl8@phoca.cz,Bigender,51.200.46.193
766,Herta,Hanway,hhanwayl9@vk.com,Non-binary,72.50.6.100
767,Reade,Siddon,rsiddonla@shutterfly.com,Male,134.63.80.96
768,Carmen,Thewles,cthewleslb@ftc.gov,Female,183.157.88.111
769,Barrie,Symcock,bsymcocklc@1688.com,Female,109.145.99.229
770,Mahmud,Kloska,mkloskald@berkeley.edu,Male,242.31.97.50
771,Worthy,Slucock,wslucockle@mit.edu,Male,21.25.19.224
772,Standford,Jackett,sjackettlf@about.com,Male,98.120.199.5
773,Rube,Agnolo,ragnololg@phoca.cz,Male,161.129.59.25
774,Timofei,Fanshaw,tfanshawlh@narod.ru,Male,167.44.127.13
775,Marabel,Fazakerley,mfazakerleyli@moonfruit.com,Female,144.138.175.97
776,Edwina,Rojas,erojaslj@myspace.com,Female,229.105.191.225
777,Aron,Pepler,apeplerlk@ehow.com,Genderqueer,6.202.166.117
778,Allx,Kaindl,akaindlll@microsoft.com,Female,201.120.218.79
779,Golda,Michelotti,gmichelottilm@edublogs.org,Female,9.116.171.179
780,Garvy,Forsdyke,gforsdykeln@woothemes.com,Male,68.131.22.91
781,Waverly,Been,wbeenlo@china.com.cn,Male,24.52.35.31
782,Neely,Fost,nfostlp@ox.ac.uk,Female,124.131.69.113
783,Celle,Moran,cmoranlq@homestead.com,Female,173.204.234.177
784,Heywood,Skotcher,hskotcherlr@ted.com,Male,178.15.251.94
785,Jeremie,Dinnies,jdinniesls@simplemachines.org,Male,18.13.113.60
786,Quintin,Blasio,qblasiolt@technorati.com,Male,128.137.130.189
787,Brigitte,Payler,bpaylerlu@spotify.com,Female,93.142.181.2
788,Agnes,Piddington,apiddingtonlv@google.com.br,Female,124.142.235.89
789,Dietrich,Shakesby,dshakesbylw@cnet.com,Male,23.24.185.49
790,Pavel,Lomond,plomondlx@mtv.com,Male,86.36.12.6
791,Ram,Avrahamoff,ravrahamoffly@google.fr,Male,139.94.235.112
792,Pedro,Stitcher,pstitcherlz@auda.org.au,Male,62.147.221.168
793,Libby,Bullar,lbullarm0@ucla.edu,Polygender,33.55.149.241
794,Frederik,Buckney,fbuckneym1@cisco.com,Male,83.184.177.61
795,Barri,Fishenden,bfishendenm2@accuweather.com,Male,126.139.176.58
796,Jillana,Pickering,jpickeringm3@bizjournals.com,Female,212.114.201.137
797,Sally,Covet,scovetm4@go.com,Female,205.175.73.14
798,Romeo,Batter,rbatterm5@un.org,Male,192.222.151.141
799,Carny,Bessett,cbessettm6@wikipedia.org,Male,98.0.16.185
800,Saunder,Horsfield,shorsfieldm7@cnn.com,Male,156.159.24.103
801,Dedie,Hancox,dhancoxm8@independent.co.uk,Female,150.86.70.54
802,Cullen,Winser,cwinserm9@oakley.com,Bigender,155.217.4.218
803,Bethena,Kenway,bkenwayma@bbb.org,Female,11.6.34.177
804,Cassondra,MacDonnell,cmacdonnellmb@hubpages.com,Female,61.36.232.149
805,Tina,Carlson,tcarlsonmc@cocolog-nifty.com,Female,49.54.205.18
806,Xylia,Kix,xkixmd@sohu.com,Female,170.49.228.26
807,Sindee,Gingles,sginglesme@tripadvisor.com,Female,166.203.179.52
808,Eveleen,Zeal,ezealmf@msn.com,Female,164.137.38.218
809,Suzie,Grimley,sgrimleymg@engadget.com,Non-binary,228.99.237.62
810,Shadow,Grover,sgrovermh@arstechnica.com,Male,53.228.25.223
811,Giacobo,Extill,gextillmi@gov.uk,Male,47.82.184.200
812,Ellissa,Pidgeley,epidgeleymj@dmoz.org,Female,240.209.52.33
813,Brittni,Druhan,bdruhanmk@ovh.net,Female,38.129.42.79
814,Mirelle,Burleigh,mburleighml@yellowpages.com,Female,138.73.98.169
815,Berny,Titherington,btitheringtonmm@state.gov,Female,249.63.10.79
816,Dorolisa,Karet,dkaretmn@surveymonkey.com,Female,83.98.245.100
817,Vassili,Stroobant,vstroobantmo@buzzfeed.com,Male,85.243.65.70
818,Hanan,Jossel,hjosselmp@go.com,Male,96.179.50.194
819,Shawna,Hevey,sheveymq@cbc.ca,Female,2.171.230.164
820,Abe,Mitham,amithammr@reuters.com,Male,53.41.24.252
821,Archibald,Taillard,ataillardms@yahoo.com,Male,248.28.121.90
822,Theobald,Garrigan,tgarriganmt@globo.com,Genderfluid,45.206.28.158
823,Alick,Thoresby,athoresbymu@wisc.edu,Male,15.190.199.28
824,Findlay,Plumbridge,fplumbridgemv@google.com,Male,196.68.29.7
825,Pierette,Laybourne,playbournemw@jalbum.net,Female,147.209.26.4
826,Karel,Marusik,kmarusikmx@upenn.edu,Male,252.229.218.64
827,Lindy,Dudleston,ldudlestonmy@blog.com,Male,86.96.17.200
828,Hewet,Fassan,hfassanmz@pbs.org,Male,104.145.106.75
829,Margarita,Ferns,mfernsn0@telegraph.co.uk,Female,136.183.2.203
830,Gustav,Beasant,gbeasantn1@tuttocitta.it,Male,98.199.165.84
831,Bill,Treske,btresken2@sina.com.cn,Male,113.165.114.53
832,Hadley,Broadfield,hbroadfieldn3@gmpg.org,Male,97.34.239.56
833,Ben,Fudge,bfudgen4@tripadvisor.com,Male,118.39.19.250
834,Rosetta,Brabham,rbrabhamn5@shutterfly.com,Female,147.70.148.34
835,Wilfrid,Balcon,wbalconn6@ask.com,Male,160.81.44.12
836,Isadore,Olivello,iolivellon7@netvibes.com,Male,68.106.245.148
837,Cyndy,Le Lievre,clelievren8@google.com.hk,Female,139.80.25.48
838,Dannel,Rennock,drennockn9@yellowbook.com,Male,177.0.29.165
839,Linc,Buntine,lbuntinena@theguardian.com,Male,234.79.207.109
840,Annice,Yeudall,ayeudallnb@yelp.com,Female,79.118.254.31
841,Jeremias,Skillern,jskillernnc@dedecms.com,Male,148.44.115.224
842,Jerrine,Woodger,jwoodgernd@google.com.hk,Female,94.123.70.99
843,Ethelda,Thompkins,ethompkinsne@mashable.com,Polygender,6.177.216.107
844,Evania,Rolles,erollesnf@icq.com,Polygender,65.84.68.228
845,Michele,Pestridge,mpestridgeng@ftc.gov,Male,0.61.249.149
846,Lauryn,Barajas,lbarajasnh@flavors.me,Female,110.96.215.136
847,Franky,Gayle,fgayleni@gizmodo.com,Male,176.64.195.247
848,Ilysa,Tansley,itansleynj@webeden.co.uk,Female,110.214.120.108
849,Dona,Vasyunkin,dvasyunkinnk@pcworld.com,Female,136.71.81.145
850,Vittorio,Shory,vshorynl@tuttocitta.it,Male,222.93.40.86
851,Sonnnie,Lillegard,slillegardnm@economist.com,Female,106.129.206.231
852,Karleen,Stolting,kstoltingnn@fotki.com,Female,57.236.41.178
853,Jaquelyn,Yakebovitch,jyakebovitchno@comcast.net,Female,60.79.201.4
854,Ayn,Ferry,aferrynp@merriam-webster.com,Female,175.124.18.34
855,Vern,Pighills,vpighillsnq@networksolutions.com,Male,193.14.132.92
856,Norry,Aveyard,naveyardnr@google.com,Female,204.192.7.114
857,Rhett,Donisi,rdonisins@hud.gov,Male,219.221.208.108
858,Ferguson,Bramo,fbramont@msn.com,Male,115.253.139.98
859,Phylys,Marland,pmarlandnu@foxnews.com,Female,179.109.61.49
860,Dewie,Bunch,dbunchnv@ucsd.edu,Male,79.141.213.225
861,Hewe,Bresland,hbreslandnw@51.la,Genderfluid,33.135.163.108
862,Leyla,Fittall,lfittallnx@ustream.tv,Female,194.35.122.31
863,Arlie,Manass,amanassny@wikia.com,Female,66.158.236.72
864,Meryl,Marxsen,mmarxsennz@jalbum.net,Female,64.124.211.68
865,Franz,Bilverstone,fbilverstoneo0@github.com,Bigender,181.45.86.117
866,Donall,Kroin,dkroino1@wikipedia.org,Male,189.167.89.126
867,Ario,Hulls,ahullso2@newyorker.com,Male,217.60.196.60
868,Ban,Schiementz,bschiementzo3@privacy.gov.au,Male,37.246.83.150
869,Daisy,Casaccia,dcasacciao4@ftc.gov,Bigender,242.77.241.117
870,Cassius,Ketchaside,cketchasideo5@shutterfly.com,Male,134.125.99.126
871,Stefa,Measey,smeaseyo6@topsy.com,Female,36.253.236.216
872,Marinna,Adger,madgero7@blogtalkradio.com,Female,113.183.147.97
873,Heindrick,Classen,hclasseno8@fema.gov,Male,181.218.120.64
874,Kara,Denidge,kdenidgeo9@phoca.cz,Female,233.229.16.129
875,Malia,Kesper,mkesperoa@mayoclinic.com,Bigender,123.210.99.97
876,Antonella,Howgego,ahowgegoob@vinaora.com,Female,109.224.62.227
877,Raynard,Jordin,rjordinoc@wikipedia.org,Male,137.197.38.233
878,Blythe,Poon,bpoonod@dedecms.com,Female,175.215.46.104
879,Beau,Riseam,briseamoe@harvard.edu,Male,15.149.76.88
880,Lissy,Wonfar,lwonfarof@youtube.com,Female,130.252.108.98
881,Julio,Prose,jproseog@google.com,Male,56.138.5.201
882,Bernette,Coldwell,bcoldwelloh@smh.com.au,Female,23.174.110.171
883,Ivan,Ferryman,iferrymanoi@ebay.co.uk,Male,189.112.29.123
884,Annis,Wilkinson,awilkinsonoj@altervista.org,Female,253.80.207.228
885,Patty,Brunotti,pbrunottiok@rakuten.co.jp,Female,7.244.40.153
886,Brinna,Scolland,bscollandol@canalblog.com,Female,70.186.4.50
887,Patrica,Giff,pgiffom@virginia.edu,Female,16.199.146.165
888,Hayes,Simister,hsimisteron@printfriendly.com,Male,177.180.250.170
889,Thomasina,Hablot,thablotoo@columbia.edu,Female,16.178.82.21
890,Niccolo,Wiltshear,nwiltshearop@goodreads.com,Male,225.24.64.69
891,Robinson,Jarrette,rjarretteoq@unesco.org,Male,64.206.221.253
892,Templeton,Lovell,tlovellor@odnoklassniki.ru,Male,0.69.83.122
893,Martina,Beyne,mbeyneos@wikia.com,Female,44.120.54.79
894,Cathe,Paintain,cpaintainot@seattletimes.com,Female,213.3.253.15
895,Donnamarie,Fensome,dfensomeou@clickbank.net,Female,210.246.219.79
896,Noni,Algeo,nalgeoov@lulu.com,Non-binary,68.224.253.75
897,Norma,Imort,nimortow@etsy.com,Female,146.185.120.31
898,Harv,Cherry Holme,hcherryholmeox@aol.com,Male,89.253.228.243
899,Sharon,Hurdedge,shurdedgeoy@msn.com,Female,153.78.215.73
900,Jeni,Whittlesey,jwhittleseyoz@webmd.com,Female,228.158.183.42
901,Morgana,Yashunin,myashuninp0@amazon.co.jp,Agender,222.170.178.229
902,Kingsley,Farlane,kfarlanep1@dedecms.com,Male,81.171.38.110
903,Catriona,Hadeke,chadekep2@dmoz.org,Female,255.194.53.175
904,Abagail,Dowtry,adowtryp3@jimdo.com,Female,52.21.27.145
905,Velvet,Goodchild,vgoodchildp4@nydailynews.com,Female,79.169.202.30
906,Kim,Schimon,kschimonp5@archive.org,Male,195.40.185.216
907,Georgina,Torrent,gtorrentp6@hubpages.com,Female,242.182.66.85
908,Erinn,Piddocke,epiddockep7@dailymail.co.uk,Female,187.196.101.164
909,Elbertine,De'Ath,edeathp8@ibm.com,Female,89.61.169.69
910,Regina,Shacklady,rshackladyp9@wiley.com,Female,240.94.245.114
911,Ahmed,Cockney,acockneypa@hugedomains.com,Male,234.4.7.117
912,Dulce,Yglesia,dyglesiapb@360.cn,Female,130.187.235.226
913,Eloise,Piner,epinerpc@who.int,Female,15.83.47.204
914,Sella,Willows,swillowspd@twitpic.com,Female,15.74.9.116
915,Herbert,Loosely,hlooselype@jiathis.com,Male,201.68.197.35
916,Errick,Sodo,esodopf@google.co.jp,Male,177.70.241.132
917,Kassie,Batiste,kbatistepg@ca.gov,Female,137.0.166.184
918,Worthington,Jerzycowski,wjerzycowskiph@hubpages.com,Genderfluid,108.101.89.142
919,Tanitansy,Dallaway,tdallawaypi@ftc.gov,Female,166.31.250.65
920,Ellene,Lundon,elundonpj@fc2.com,Female,42.61.204.206
921,Ronica,Shoulder,rshoulderpk@upenn.edu,Female,5.69.183.12
922,Dix,Clunan,dclunanpl@arstechnica.com,Female,220.154.27.31
923,Alene,Geare,agearepm@soup.io,Female,163.181.115.191
924,Aridatha,Sleightholme,asleightholmepn@weather.com,Female,168.148.84.106
925,Hyman,Calbert,hcalbertpo@digg.com,Male,48.124.69.214
926,Corie,Darwent,cdarwentpp@homestead.com,Female,128.70.126.247
927,Nanny,Torre,ntorrepq@wix.com,Agender,35.98.52.123
928,Drusilla,Degoe,ddegoepr@dagondesign.com,Female,147.109.16.141
929,Wesley,Deniso,wdenisops@unesco.org,Male,22.188.130.111
930,Neill,Tayler,ntaylerpt@ftc.gov,Bigender,178.7.50.63
931,Dwain,Woodwind,dwoodwindpu@reddit.com,Male,132.186.149.253
932,Shayla,Bhar,sbharpv@creativecommons.org,Female,124.150.100.102
933,Dolores,Doull,ddoullpw@rakuten.co.jp,Female,160.242.139.214
934,Darius,Duckett,dduckettpx@google.it,Genderqueer,142.192.203.202
935,Aksel,Becerra,abecerrapy@printfriendly.com,Male,76.215.123.221
936,Margo,Jacke,mjackepz@ocn.ne.jp,Female,120.178.195.99
937,Granville,Bann,gbannq0@ebay.co.uk,Male,152.235.89.10
938,Deborah,Heeran,dheeranq1@example.com,Female,71.134.143.122
939,Sebastian,Tarbox,starboxq2@squidoo.com,Male,250.132.7.241
940,Nicoline,Mulligan,nmulliganq3@addtoany.com,Female,154.188.83.205
941,Karena,Feakins,kfeakinsq4@state.tx.us,Bigender,171.34.219.100
942,Augustine,Greeveson,agreevesonq5@jimdo.com,Female,246.2.169.223
943,Aidan,Bagnall,abagnallq6@whitehouse.gov,Female,115.83.215.83
944,Crin,Zemler,czemlerq7@dot.gov,Female,183.41.196.7
945,Ray,Gildersleaves,rgildersleavesq8@economist.com,Male,44.242.198.235
946,Odette,Dunniom,odunniomq9@redcross.org,Female,45.48.163.12
947,Lotti,Gridley,lgridleyqa@twitpic.com,Female,166.164.25.181
948,Katharine,Allston,kallstonqb@hc360.com,Female,7.207.177.23
949,Lance,Trew,ltrewqc@webmd.com,Male,215.206.53.239
950,Elijah,Puxley,epuxleyqd@github.com,Male,231.164.230.72
951,Raul,Gatrill,rgatrillqe@earthlink.net,Male,87.43.210.210
952,Hube,Ryves,hryvesqf@microsoft.com,Genderfluid,218.12.207.142
953,Jorie,Ungerechts,jungerechtsqg@list-manage.com,Female,201.188.55.232
954,Lorrayne,Labroue,llabroueqh@cbsnews.com,Female,60.158.168.140
955,Julienne,Ransbury,jransburyqi@studiopress.com,Female,16.41.133.184
956,Starlin,Cecchetelli,scecchetelliqj@yolasite.com,Female,171.155.97.20
957,Krista,Scherme,kschermeqk@biglobe.ne.jp,Female,94.26.126.117
958,Aurora,Gadaud,agadaudql@tinyurl.com,Female,48.1.33.187
959,Ike,Tittershill,itittershillqm@ebay.com,Male,189.22.215.183
960,Bordie,Golda,bgoldaqn@wp.com,Male,184.42.44.197
961,Giorgi,Bushrod,gbushrodqo@behance.net,Male,152.1.63.103
962,Trent,Smeeth,tsmeethqp@php.net,Male,64.60.162.246
963,Brennen,Mewe,bmeweqq@issuu.com,Male,96.252.92.171
964,Hilarius,Grahame,hgrahameqr@rediff.com,Male,205.138.252.151
965,Tades,Smogur,tsmogurqs@nsw.gov.au,Male,76.21.87.228
966,Radcliffe,Doerling,rdoerlingqt@meetup.com,Male,99.58.218.22
967,Delainey,Waller,dwallerqu@howstuffworks.com,Male,87.224.134.169
968,Elisa,Leggatt,eleggattqv@prnewswire.com,Female,213.122.210.39
969,Bartolomeo,Besantie,bbesantieqw@unicef.org,Male,132.87.225.137
970,Caresse,Imore,cimoreqx@comsenz.com,Non-binary,170.189.176.161
971,Douglass,Di Pietro,ddipietroqy@g.co,Male,101.94.37.173
972,Sergeant,Tonnesen,stonnesenqz@java.com,Male,46.34.245.250
973,Gaile,Calveley,gcalveleyr0@t-online.de,Male,199.163.168.148
974,Saraann,Goodale,sgoodaler1@dropbox.com,Female,30.230.210.46
975,Jonis,Seak,jseakr2@ucla.edu,Female,234.22.56.79
976,Pavla,Jersh,pjershr3@goodreads.com,Female,173.92.65.61
977,Liv,Wrightham,lwrighthamr4@sbwire.com,Female,140.187.122.3
978,Marrissa,Crummay,mcrummayr5@prnewswire.com,Female,54.129.129.219
979,Dannie,Ochterlony,dochterlonyr6@goodreads.com,Male,150.9.57.111
980,Tris,Hullbrook,thullbrookr7@parallels.com,Male,250.245.142.72
981,Lowe,Cardon,lcardonr8@ox.ac.uk,Male,148.98.132.111
982,Enriqueta,Snedden,esneddenr9@rediff.com,Female,160.91.45.53
983,Gib,MacNeachtain,gmacneachtainra@hp.com,Male,87.32.114.166
984,Agosto,Ugolini,augolinirb@reference.com,Male,85.215.205.114
985,Diann,Kelwaybamber,dkelwaybamberrc@mozilla.com,Female,182.9.106.254
986,Abbie,Layson,alaysonrd@com.com,Female,193.205.53.23
987,Roderic,Harcombe,rharcombere@uol.com.br,Male,30.160.163.21
988,Tera,Ollie,tollierf@examiner.com,Female,209.219.203.232
989,Fredelia,Proctor,fproctorrg@e-recht24.de,Female,128.66.246.120
990,Johannes,Humberston,jhumberstonrh@qq.com,Male,103.154.83.165
991,Anjela,Dartnell,adartnellri@jugem.jp,Female,34.255.180.152
992,Gena,Thewlis,gthewlisrj@moonfruit.com,Female,50.8.135.160
993,Kaylyn,O'Loinn,koloinnrk@tmall.com,Female,19.179.0.125
994,Wylma,Lardnar,wlardnarrl@huffingtonpost.com,Female,139.96.252.191
995,Morgan,Wearing,mwearingrm@diigo.com,Female,69.181.253.23
996,Bordy,Ivasyushkin,bivasyushkinrn@pinterest.com,Bigender,178.127.64.30
997,Dawn,Garnsworthy,dgarnsworthyro@hp.com,Female,15.94.179.61
998,Terencio,Nuton,tnutonrp@mediafire.com,Male,1.37.106.112
999,Leola,Cogar,lcogarrq@google.cn,Female,207.238.239.19
1000,Gabriell,Lortz,glortzrr@themeforest.net,Female,254.82.253.118